PAYM,PAYM_I,PAYM_D,PAYM_A,PAYM_R,Press.Direct,Press.Brand,OOH Spend,Radio,TV,Display.Direct,Display.Brand,FTSE ,Libor,Consumer_Conf,InfRate,VF.Share,Con.VF.Yes,Con.VF.No,BAS.VF,VF.Emotion,VF.Perf.Support,Sales.Season,Natural.Season,Vodafone_A,Vodafone_B,Vodafone_C,Vodafone_D,O2_A_diff,O2_B_diff,O2_D_diff,Orange_B_diff,Orange_D_diff,T-Mobile_B_diff
47525,8922,38603,19102,28423,102884.29,0.00000001,0.00000001,0.00000001,61053.15,0.00000001,0.00000001,6015.4,0.782,-29,0.1,0.200743494,79,20.5,95.6,36.16579819,3.141400099,Launch,Winter,10,23.33,36.25,65,0,1.67,-3,0.33,10,-0.56
53882,11904,41978,21619,32263,220030.5,16682,0.00000001,29377.5,61053.15,90,0.00000001,6009.4,0.782,-29,0.1,0.200743494,79,20.5,95.6,36.16579819,3.141400099,Launch,Winter,10,23.33,36.25,65,0,1.67,-3,0.33,10,-0.56
56885,13591,43294,25282,31603,145697.54,55615,167696,108737.8,61053.15,13410,0.00000001,5956.6,0.782,-29,0.1,0.200743494,79,20.5,95.6,36.16579819,3.141400099,Launch,Winter,10,23.57,38.33,65,0,0.71,-3,0.1,10,-0.79
53405,12522,40883,26416,26989,226198.34,67303,167696,81646.37,61053.15,21525,0.00000001,5935.46,0.782,-29,0.1,0.200743494,79,20.5,97.3143,36.16579819,3.141400099,Launch,Winter,10,23.57,38.33,65,0,0.71,-3,0.1,10,-0.79
53253,14579,38674,24350,28903,153719.18,96523,354231.79,81646.37,210575.5,19455,0.00000001,5960.3,0.7898571,-28.2857143,0.5285714,0.202372254,79,20.5,98,37.10965783,3.81797157,Post_Launch,Winter,10,23,38.33,65,0,1.29,-3,0.67,10,-0.22
51242,11826,39416,24363,26879,284116.61,171346,190655.79,3962.27,322717.26,1965,0.00000001,6055.5,0.793,-28,0.7,0.203023758,79,20.5,98,37.48720169,4.088600159,Post_Launch,Winter,10,23,38.33,65,0,1.29,-3,0.67,10,-0.22
50690,12143,38547,23460,27230,117489.87,36146,365421.1,3962.27,322717.26,22620,0.00000001,6070.58,0.793,-28,0.7,0.203023758,81.4,21.5,98,37.48720169,4.088600159,Post_Launch,Winter,10,23,38.33,65,0,1.29,-3,0.67,10,-0.22
55151,13281,41870,26061,29090,279563.37,125188,337991.1,28698.77,322717.26,23085,0.00000001,5971.26,0.793,-28,0.7,0.203023758,81.4,21.5,96.5,37.48720169,4.088600159,Post_Launch,Winter,10,23.53,40,65,0,0.76,-3,0.14,10,-0.75
57360,14431,42929,27433,29927,116954.89,47599,251365.49,34180.77,235442.82,34225,0.00000001,5968.04,0.7837143,-28,0.4142857,0.21782414,81.4,21.5,95.9,36.45477295,4.776957171,Post_Launch,Winter,10,23.53,40,65,0,0.76,-3,0.14,10,-0.75
51582,11523,40059,23161,28421,272508.08,133566,30915.48,13616.07,169986.99,29225,0.00000001,5911.98,0.78,-28,0.3,0.223744292,81.4,21.5,95.9,36.04180145,5.052299976,Post_Launch,Winter,10,23.53,40,65,0,0.76,-3,0.14,10,-0.75
51664,11678,39986,24406,27258,122112.34,29208,162665.48,2286.07,169986.99,27510,0.00000001,5696.58,0.78,-28,0.3,0.223744292,81.4,21.5,95.9,36.04180145,5.052299976,Post_Launch,Winter,10,23,38.33,65,0,1.29,-3,0.21,10,-0.22
55717,15196,40521,24959,30758,193250.3,47264,134332.14,2286.07,169986.99,22455,0.00000001,5825.28,0.78,-28,0.3,0.223744292,79.4,21.6,96.3286,36.04180145,5.052299976,Post_Launch,Winter,10,23,38.33,65,0,1.29,-3,0.21,10,-0.22
56215,15591,40624,27069,29146,172915.88,34067,134332.14,13281.33,155654.05,56920,0.00000001,5940.74,0.7771429,-28.8571429,0.5,0.220423412,79.4,21.6,97.4,35.98328727,4.196871417,Post_Launch,Spring,10,23,38.33,65,0,1.29,-3,0.21,10,-0.22
51147,12539,38608,24024,27123,307594,0.00000001,0.00000001,35941.33,69656.44,19175,0.00000001,6025.68,0.77,-31,1,0.212121212,79.4,21.6,97.4,35.8370018,2.058300018,Post_Launch,Spring,10,23,38.33,65,2,0.55,-3,0.67,10,-0.22
51980,11847,40133,23911,28069,139994.3,8190,0.00000001,2286.07,69656.44,29530,0.00000001,5997.62,0.77,-31,1,0.212121212,79.4,21.6,97.4,35.8370018,2.058300018,Post_Launch,Spring,10,23,38.33,65,2,0.55,-3,0.67,10,-0.22
45427,10131,35296,20810,24617,313899.05,15952,0.00000001,2286.07,69656.44,24790,0.00000001,5951.9,0.77,-31,1,0.212121212,79.4,21.6,97.4,35.8370018,2.058300018,Post_Launch,Spring,10,23,38.33,65,2,0.55,-3,0.67,10,-0.22
43458,9439,34019,20283,23175,64506.05,0.00000001,0.00000001,2286.07,69656.44,39535,0.00000001,6069.166667,0.77,-31,1,0.212121212,75.7,21.2,95.7,35.8370018,2.058300018,Post_Launch,Spring,10,23,38.33,65,2,0.55,-3,0.67,10,-0.22
52996,10438,42558,24241,28755,201064.85,0.00000001,0.00000001,2286.07,145744.26,6105,0.00000001,5990.95,0.739,-21,0.2,0.196491228,75.7,21.2,95.7,33.53319931,2.097899914,Post_Launch,Spring,10,23,38.33,65,2,0.55,-3,0.67,10,-0.22
60607,12042,48565,26497,34110,165938.75,0.00000001,0.00000001,62804.07,158425.56,26055,0.00000001,5961.7,0.739,-21,0.2,0.196491228,75.7,21.2,95.7,33.53319931,2.097899914,Post_Launch,Spring,10,23,38.33,65,2,0.55,-3,0.67,10,-0.22
57842,11474,46368,26344,31498,334390.28,5984,0.00000001,62804.07,158425.56,25905,0.00000001,5922.54,0.739,-21,0.2,0.196491228,75.7,21.2,95.7,33.53319931,2.097899914,Post_Launch,Spring,10,23,38.33,65,2,0.55,-3,0.67,10,-0.22
62101,14542,47559,27086,35015,261405.95,16076,133384.25,62804.07,158425.56,53600.28,0.00000001,5876.86,0.739,-21,0.2,0.196491228,75.7,21.2,96.5,33.53319931,2.097899914,Post_Launch,Spring,10,23.53,38.89,65,2,0.89,-3,0.59,10,0.61
56851,13979,42872,25921,30930,320298.91,25223,424816.58,141138.4,231926.28,34305.09,0.00000001,5905.375,0.7321429,-23.2857143,0.0285714,0.199725119,76.9,16.4,97.1,35.18039867,3.746414253,Post_Launch,Spring,10,23.53,38.89,65,2,0.89,-3,0.59,10,0.61
59791,12015,47776,27644,32147,154086.77,86188,424816.58,141138.4,329927.25,101293.06,0.00000001,5831.76,0.727,-25,-0.1,0.202150538,76.9,16.4,97.1,36.41579819,4.982800007,Post_Launch,Spring,10.5,24.05,39.05,65,1.5,0.38,-3,0.07,10,-0.41
59814,12654,47160,27127,32687,324014.69,127291,556604.36,80620.4,329927.25,227757.71,0.00000001,5746.56,0.727,-25,-0.1,0.202150538,76.9,16.4,97.1,36.41579819,4.982800007,Pre_Launch,Spring,10.5,24.05,39.05,65,1.5,0.38,-3,0.07,10,-0.41
60249,14023,46226,27107,33142,238257.02,95863,347292.11,79298.4,329927.25,289965.04,0.00000001,5722.76,0.727,-25,-0.1,0.202150538,76.9,16.4,96.9,36.41579819,4.982800007,Pre_Launch,Spring,10.5,24.05,39.05,65,1.5,0.38,-3,0.07,10,-0.41
60614,16404,44210,28215,32399,148688,126528,457129.56,79298.4,336573.31,310019.37,0.00000001,5856.14,0.727,-26.4285714,-0.0714286,0.197230815,76.9,16.4,96.4,36.57974189,4.499971458,Pre_Launch,Summer,10.5,24.13,38.57,65,1.5,0.29,-3,-0.02,10,-0.5
56525,11168,45357,26205,30320,142379.82,156206,224241.49,79298.4,376449.71,107500.22,0.00000001,6017.9,0.727,-30,0,0.184931507,76,19.2,96.4,36.98960114,3.292900085,Pre_Launch,Summer,11.75,24.13,40.78,59.5,0.25,0.29,2.25,-0.52,15.5,-0.5
58864,12033,46831,26691,32173,276433.81,32207,515018.49,79298.4,376449.71,235566.86,0.00000001,5879.06,0.727,-30,0,0.184931507,76,19.2,96.4,36.98960114,3.292900085,Pre_Launch,Summer,11.75,24.13,40.78,59.5,0.25,0.29,2.25,-0.52,15.5,-0.5
57793,12063,45730,26574,31219,144937.79,34074,393985.16,21288.4,376449.71,281867.38,0.00000001,5846.3,0.727,-30,0,0.184931507,76,19.2,96.4,36.98960114,3.292900085,Pre_Launch,Summer,11.75,24.13,40.78,59.5,0.25,0.29,2.25,-0.52,15.5,-0.5
60423,15909,44514,27967,32456,210070.42,46525,393985.16,30234.9,376449.71,312449.9,0.00000001,5880,0.727,-30,0,0.184931507,76,19.2,96.5714,36.98960114,3.292900085,Pre_Launch,Summer,11.75,24.13,40.78,59.5,0.25,0.29,2.25,-0.52,15.5,-0.5
57109,13423,43686,26385,30724,106687.21,31359,0.00000001,11232.57,132890.38,308073.81,0.00000001,5543.48,0.7698571,-30.8571429,0.5142857,0.182940526,82.8,19.5,97.35099338,36.67580087,2.542985712,Pre_Launch,Summer,11.75,24.13,40.78,59.5,0.25,0.29,2.25,-0.52,15.5,-0.5
58359,12731,45628,26940,31419,199110.18,51319,23450,4286.07,35466.65,237857.96,0.00000001,5144.78,0.777,-31,0.6,0.182608696,81.8,21.5,95.83333333,36.62350082,2.417999983,Pre_Launch,Summer,11.75,24.13,40.78,59.5,0.25,0.29,2.25,-0.52,20.5,0.01
59424,13597,45827,27179,32245,120574.27,88933,23450,17146.16,35466.65,178859.64,0.00000001,5234.56,0.777,-31,0.6,0.182608696,88.5,13.6,98.70967742,36.62350082,2.417999983,Pre_Launch,Summer,11.75,24.13,40.78,59.5,0.25,0.29,2.25,-0.52,15.5,-0.5
56621,12593,44028,26165,30456,227666.77,131752,23450,73258.66,35466.65,231775.34,0.00000001,5138.32,0.777,-31,0.6,0.182608696,72,25,94,36.62350082,2.417999983,Pre_Launch,Summer,11.75,24.13,40.78,59.5,0.25,-0.55,0.36,-0.52,15.5,-0.5
57490,14172,43318,26468,31022,81964.82,101403,23450,73258.66,118661.58,115031.89,0.00000001,5343.45,0.801,-30.5714286,0.6,0.182755904,90.5,18.1,97.43589744,35.88477162,2.285571405,Pre_Launch,Summer,11.75,24.13,40.78,59.5,0.25,-0.55,0.36,-0.52,15.5,-0.5
59983,13680,46303,28625,31358,200833.31,115984,414143.33,106692.3,326648.93,175392.37,0.00000001,5226.6,0.833,-30,0.6,0.182952183,69.6,23.7,95.12195122,34.89979935,2.108999968,Pre_Launch,Summer,11.75,24.13,40.68,59.5,0.25,-0.55,0.36,-0.52,15.5,0.01
60089,14164,45925,28779,31310,130178.68,32513,390693.33,106692.3,326648.93,181972.82,0.00000001,5247.36,0.833,-30,0.6,0.182952183,76.2,21.5,95,34.89979935,2.108999968,Pre_Launch,Summer,11.75,24.13,40.6,59.5,0.25,-0.55,0.36,-0.52,15.5,0.01
55258,13631,41627,27086,28172,210940.12,56616,442693.33,15146.16,326648.93,277851.86,0.00000001,5204.02,0.833,-30,0.6,0.182952183,85,22.1,94.54545455,34.89979935,2.108999968,Pre_Launch,Summer,11.75,24.13,40.6,59.5,0.25,-0.55,0.36,-0.52,15.5,0.01
59776,16759,43017,28498,31278,126535.08,91058,110000,15146.16,326648.93,241538.4,0.00000001,5185.26,0.8438571,-30.2857143,0.5285714,0.184016157,46.7,18.4,92.30769231,35.05291367,2.315199988,Pre_Launch,Autumn,11.75,24.13,40.6,59.5,0.25,-0.55,0.36,-0.52,15.5,-0.5
63749,15140,48609,28393,35356,177543.88,57615,72700,15146.16,277686.61,244184.22,0.00000001,5143.36,0.909,-32,0.1,0.1904,77.3,23.5,93.61702128,35.97159958,3.552400112,Pre_Launch,Autumn,11.75,24.13,40.6,59.5,0.25,-0.55,0.36,-0.52,15.5,-0.5
89819,16431,73388,44751,45068,101676.74,54991,20700,15146.16,277686.61,224295,0.00000001,5421.26,0.909,-32,0.1,0.1904,76,23.5,97.7443609,35.97159958,3.552400112,Launch,Autumn,11.75,24.13,40.6,59.5,0.25,-0.55,0.36,-1.76,1.5,0.01
80393,17780,62613,38925,41468,172979.32,80364,20700,15146.16,277686.61,241199.29,0.00000001,5434.18,0.909,-32,0.1,0.1904,73.1,20.6,94.83870968,35.97159958,3.552400112,Launch,Autumn,11.75,24.13,40.6,59.5,0.25,-0.55,0.36,-1.37,1.5,0.01
69079,14191,54888,32204,36875,93513.92,81267,20700,15146.16,277686.61,201217.57,0.00000001,5608.56,0.909,-32,0.1,0.1904,79.3,19.3,92.99363057,35.97159958,3.552400112,Launch,Autumn,11.75,24.13,40.6,59.5,0.25,-0.55,0.36,-1.37,1.5,0.01
71515,16450,55065,34708,36807,379104.68,32704,441366.67,71179.96,284732.29,193564.31,0.00000001,5504.54,0.974,-31.2857143,0.1714286,0.182147253,89.5,26.3,95.51282051,36.98081316,3.970614229,Launch,Autumn,11.75,24.13,40.6,59.5,0.25,-0.55,0.36,-1.37,1.5,0.01
68173,14920,53253,33790,34383,223783.74,11699,420666.67,91318.78,290016.56,178219.7,0.00000001,5505.74,1,-31,0.2,0.178846154,86.4,11.3,97.05882353,37.3844986,4.137899876,Launch,Autumn,12.17,24.13,40.45,59.5,-0.17,-0.55,0.36,-1.76,1.5,-0.73
67865,16245,51620,32378,35487,386073.34,93998,999020.47,184249.63,290016.56,183995.3,0.00000001,5466.28,1,-31,0.2,0.178846154,81.6,17.7,96.25,37.3844986,4.137899876,Launch,Autumn,12.17,24.13,40.45,59.5,-0.17,-0.55,0.36,-1.76,1.5,-0.73
74233,17877,56356,37267,36966,210969.88,42700,578353.81,30094.32,290016.56,136451.55,0.00000001,5172.28,1,-31,0.2,0.178846154,85.7,19,94.44444444,37.3844986,4.137899876,Launch,Autumn,12.17,24.13,40.45,59.5,-0.17,-0.55,0.36,-1.76,1.5,-0.73
76748,21034,55714,37374,39374,187593.18,93052,584019.35,30094.32,295983.82,189420.78,40794,5439.36,1.0428571,-31.8571429,0.2857143,0.173129652,85.7,19.8,94.54545455,36.94907052,3.995742798,Launch,Autumn,12.17,24.13,40.45,59.5,-0.17,-0.55,0.36,-1.76,1.5,-0.73
76923,19708,57215,37856,39067,225736.12,5806,175566.02,30094.32,310901.96,244821.73,36996.78,5539.32,1.1,-33,0.4,0.16550765,59.1,20,98.37398374,36.36849976,3.806200027,Launch,Autumn,12.17,24.13,40.45,59.5,-0.17,-0.55,0.36,-1.76,1.5,-0.73
80145,21812,58333,39679,40466,335832.36,0.00000001,525086.65,30094.32,310901.96,224183.46,6774.59,5414.6,1.1,-33,0.4,0.16550765,87.5,18.4,98.4375,36.36849976,3.806200027,Launch,Autumn,11.75,23.59,40.45,59.5,0.25,-0.01,0.36,-0.72,1.5,-0.19
76994,21189,55805,38692,38302,4990,0.00000001,349520.63,30094.32,310901.96,128729.62,6774.59,5428.8,1.1,-33,0.4,0.16550765,84.6,23.7,97.11538462,36.36849976,3.806200027,Launch,Autumn,11.75,23.59,40.45,59.5,0.25,-0.01,0.36,-1.09,1.5,-0.19
50708,14898,35810,22945,27763,0.00000001,0.00000001,349520.63,30094.32,310901.96,67148.54,6774.59,5548.833333,1.1,-33,0.4,0.16550765,72.4,21.9,92.64705882,36.36849976,3.806200027,Launch,Winter,11.75,23.59,40.45,59.5,0.25,-0.01,0.36,-1.09,1.5,-0.19
51922,12870,39052,24796,27126,167643.2,28135,114299.09,30094.32,522455.07,237923.65,6774.59,5660.6,1.115,-29,-0.5,0.150779896,76.5,22.4,98.55072464,35.21649933,2.577300072,Launch,Winter,11.75,23.59,40.45,59.5,0.25,-0.01,0.36,-1.09,1.5,-0.19
53239,14740,38499,25200,28039,106745.22,45126,44693.25,30094.32,557713.92,191344.4,6774.59,5655.76,1.115,-29,-0.5,0.150779896,87.1,26.9,96.47577093,35.21649933,2.577300072,Launch,Winter,11.75,23.59,40.45,59.5,0.25,-0.16,0.36,-1.09,1.5,-0.19
52382,16719,35663,24256,28126,100092.33,49563,44693.25,30094.32,557713.92,156792.8,0.00000001,5704.68,1.115,-29,-0.5,0.150779896,82.6,15.7,96.1038961,35.21649933,2.577300072,Launch,Winter,11.75,23.59,40.45,59.5,0.25,-0.16,0.36,-1.09,1.5,-0.19
51928,16531,35397,24100,27828,102628.93,44715,630834.92,66548.1,557713.92,89239.23,0.00000001,5757.24,1.115,-29,-0.5,0.150779896,85.2,20,98,35.21649933,2.577300072,Launch,Winter,11.75,23.59,40.45,59.5,0.25,-0.16,0.36,-1.09,1.5,-0.19
54032,18577,35455,25342,28690,133471.93,0.00000001,630834.92,66548.1,650710.42,156295.36,0.00000001,5768.12,1.0898571,-29,0.1285714,0.149907802,83.3,24.8,92.92035398,34.8910141,2.802842821,Post_Launch,Winter,11.75,23.59,40.45,59.5,0.25,-0.16,0.36,-0.72,1.5,-0.13
48823,14825,33998,24093,24730,22195,16345,731978.03,66548.1,774705.75,210696.15,0.00000001,5881.26,1.071,-29,0.6,0.149253731,84,16.5,96.25668449,34.64690018,2.971999884,Post_Launch,Winter,11.75,23.29,40.45,59.5,0.25,0.29,0.36,-0.79,1.5,0.14
49846,15789,34057,23083,26763,156052.9,11655,731978.03,75949.41,774705.75,208179.09,0.00000001,5897.66,1.071,-29,0.6,0.149253731,96.3,17.7,93.33333333,34.64690018,2.971999884,Post_Launch,Winter,11.75,22.78,40.64,59.5,0.25,0.81,0.36,-0.28,1.5,0.65
48352,16425,31927,23084,25268,53793.6,25298,731978.03,91463.43,774705.75,290375.9,0.00000001,5932.6,1.071,-29,0.6,0.149253731,75.8,24.6,98,34.64690018,2.971999884,Post_Launch,Winter,12.17,22.78,40.64,59.5,-0.17,0.81,0.36,0.09,1.5,0.68
46552,15526,31026,22784,23768,0.00000001,26809,675860.19,82062.12,553361.25,198991.82,0.00000001,5911.46,1.0448571,-29.8571429,0.4714286,0.148758512,85.7,21.4,97.4137931,35.56044388,3.178457158,Post_Launch,Winter,12.17,22.78,40.64,59.5,-0.17,0.81,0.36,0.09,1.5,0.68
41279,11288,29991,21423,19856,0.00000001,12751,858990.85,68863.3,0.00000001,154847.09,8632.09,5835.84,1.01,-31,0.3,0.148387097,84,21.1,95.79831933,36.24560165,3.333300114,Post_Launch,Winter,12.17,22.78,40.64,59.5,-0.17,0.81,0.36,0.09,1.5,0.68
41862,11487,30375,21272,20590,101845,8787,183130.67,32409.51,0.00000001,169134.81,0.00000001,5940.08,1.01,-31,0.3,0.148387097,81.3,12.1,94.73684211,36.24560165,3.333300114,Post_Launch,Winter,12.17,22.78,40.64,59.5,-0.17,0.81,0.36,0.09,1.5,0.68
41291,11312,29979,21374,19917,156265.6,5130,183130.67,32409.51,0.00000001,145933.61,0.00000001,5889,1.01,-31,0.3,0.148387097,78.6,24.4,92.42424242,36.24560165,3.333300114,Post_Launch,Winter,12.17,22.78,40.64,59.5,-0.17,0.81,0.36,0.09,1.5,0.68
43419,13070,30349,22056,21363,0.00000001,5100,0.00000001,32409.51,0.00000001,113363.83,0.00000001,5818.34,1.01,-31,0.3,0.148387097,78.9,22.3,94.16666667,36.24560165,3.333300114,Post_Launch,Spring,12.17,22.78,40.64,59.5,-0.17,1.36,-0.5,0.09,1.5,0.49
44584,11858,32726,22717,21867,155095,0.00000001,37730.33,32409.51,572179.67,153099.7,49311.3,5785.175,1.049,-31,0.6,0.156504065,70.7,13.6,95.97315436,34.30369949,3.141400099,Post_Launch,Spring,12.17,22.78,40.64,59.5,-0.17,1.36,-0.5,0.09,1.5,0.49
46342,11988,34354,22346,23996,170132,0.00000001,37730.33,17461.35,667542.95,118221.35,75352.97,5648.125,1.049,-31,0.6,0.156504065,73.9,21.8,94.70198675,34.30369949,3.141400099,Post_Launch,Spring,11.75,23.82,40.64,59.5,-0.14,1.34,-0.5,-0.95,1.5,-0.55
49535,13465,36070,23859,25676,180858,0.00000001,37730.33,17461.35,667542.95,103802.37,137151.7,5739.04,1.049,-31,0.6,0.156504065,83.3,23.3,95.68345324,34.30369949,3.141400099,Post_Launch,Spring,11.75,23.82,40.64,59.5,-0.14,1.34,-0.5,-0.95,1.5,-0.55
50881,14054,36827,24984,25897,93597,0.00000001,4397,146717.63,667542.95,144956.53,73043,5723.96,1.049,-31,0.6,0.156504065,69.6,20.8,95.33333333,34.30369949,3.141400099,Post_Launch,Spring,11.75,23.82,40.64,59.5,-0.14,1.34,-0.5,-0.95,1.5,-0.55
50341,14056,36285,24785,25556,102177.64,0.00000001,4397,146717.63,708703.37,115196.53,73043,5745.94,1.0582857,-29.5714286,0.1,0.152868525,83.3,20.5,95.51282051,32.97884151,2.011685763,Post_Launch,Spring,11.75,23.82,40.64,59.5,-0.14,1.34,-0.5,-0.95,1.5,-0.55
47391,11831,35560,24271,23120,137664.01,0.00000001,0.00000001,146717.63,739573.68,123972.59,188148.4,5551,1.062,-29,-0.1,0.151414309,73.1,16.7,96.75324675,32.44889832,1.559800029,Post_Launch,Spring,11.75,23.82,40.64,59.5,-0.14,1.34,-0.5,-0.95,1.5,-0.55
45623,11274,34349,19702,25921,44308.37,0.00000001,0.00000001,146717.63,739573.68,144465.24,44018.17,5382.88,1.062,-29,-0.1,0.151414309,88.9,22.2,98.64864865,32.44889832,1.559800029,Post_Launch,Spring,11.75,23.82,40.64,59.5,-0.14,1.34,-0.5,-0.95,1.5,-0.55
45323,12999,32324,21469,23854,229316.52,0.00000001,0.00000001,17461.35,739573.68,113976.86,0.00000001,5335.14,1.062,-29,-0.1,0.151414309,83.3,14.6,92.70833333,32.44889832,1.559800029,Post_Launch,Spring,11.75,23.82,40.64,59.5,-0.14,1.34,-0.5,-0.95,1.5,-0.55
56110,16413,39697,27324,28786,34659.87,32843,0.00000001,17461.35,706609.46,122171.08,0.00000001,5325.16,1.064,-29,-0.1857143,0.150852077,79.2,16.3,97.70992366,33.08238438,1.817142878,Post_Launch,Spring,11.75,23.82,40.64,59.5,-0.14,1.34,-0.5,-0.44,1.5,-0.55
51628,14806,36822,25419,26209,141510.6,23099,0.00000001,17461.35,508824.14,92026.42,5767.01,5422.333333,1.069,-29,-0.4,0.149446494,88,16.3,92.08633094,34.66609955,2.460500002,Post_Launch,Spring,11.75,23.82,40.64,59.5,-0.14,1.34,-0.5,-0.44,1.5,-0.55
58460,17444,41016,27685,30775,84405,55380,205901.34,17461.35,508824.14,103927.68,25894.81,5467.14,1.069,-29,-0.4,0.149446494,71.4,12.5,96.42857143,34.66609955,2.460500002,Pre_Launch,Spring,11.75,23.82,40.64,59.5,-0.14,1.34,-0.5,-0.78,1.5,-0.55
53805,14707,39098,26803,27002,157583.64,23529,205901.34,17461.35,508824.14,214895.59,29131.92,5555.96,1.069,-29,-0.4,0.149446494,87,22.1,97.85714286,34.66609955,2.460500002,Pre_Launch,Spring,11.75,23.82,40.64,59.5,-0.14,1.34,-0.5,-0.78,1.5,-0.55
55824,15836,39988,27434,28390,90395.79,8559,205901.34,17461.35,508824.14,194877.88,29131.92,5497.14,1.069,-29,-0.4,0.149446494,88.2,27.6,93.37016575,34.66609955,2.460500002,Pre_Launch,Summer,11.75,23.82,40.64,59.5,-0.14,1.34,-0.5,-0.78,1.5,-0.55
55466,14716,40750,27581,27885,200474.45,4035,40000,17461.35,226379.25,171521.15,29131.92,5673.6,1.065,-29,0.1,0.151470588,75,15.6,91.27516779,36.90520096,3.398900032,Pre_Launch,Summer,11.75,23.82,40.64,59.5,-0.14,1.34,-0.5,-0.78,1.5,-0.55
61879,16678,45201,30758,31121,119104.9,0.00000001,40000,17461.35,179305.11,225950.71,29131.92,5646.06,1.065,-29,0.1,0.151470588,75.9,15.8,95.36423841,36.90520096,3.398900032,Pre_Launch,Summer,11.75,23.82,40.64,59.5,-0.14,1.34,-0.5,-0.78,1.5,-0.55
59195,16558,42637,29198,29997,104756.5,1980,41875,15146.16,179305.11,215286.93,11846.22,5668.66,1.065,-29,0.1,0.151470588,75.9,24.3,90.27777778,36.90520096,3.398900032,Pre_Launch,Summer,11.75,23.82,40.64,59.5,-0.14,1.34,-0.5,-0.78,1.5,-0.55
60985,17493,43492,29638,31347,162639.7,0.00000001,0.00000001,15146.16,179305.11,138596.13,11846.22,5546.36,1.065,-29,0.1,0.151470588,85.7,21.3,95.48387097,36.90520096,3.398900032,Pre_Launch,Summer,11.75,23.82,40.64,59.5,-0.14,1.34,-0.5,-0.78,1.5,-0.55
61952,18542,43410,30088,31864,74986.73,18645,0.00000001,15146.16,158229.17,79809.45,14409.55,5698.26,1.0518571,-29,0.3285714,0.148227048,85,16.5,96,35.04057258,3.1609572,Pre_Launch,Summer,11.75,23.82,40.64,59.5,-0.14,1.34,-0.5,-0.78,1.5,-0.55
45572,11149,34423,18565,27007,90460.26,27664,0.00000001,26921.55,130127.93,88101.29,25796.36,5838.9,1.042,-29,0.5,0.145794393,95.2,22.5,96.18320611,33.64210129,2.982500076,Pre_Launch,Summer,11.75,23.82,40.64,59.5,-0.14,1.34,-0.5,-0.78,1.5,-0.55
59198,16575,42623,28009,31189,96393.55,16991,0.00000001,26921.55,130127.93,125379.34,25796.36,5843.32,1.042,-29,0.5,0.145794393,88.2,19.8,91.26984127,33.64210129,2.982500076,Pre_Launch,Summer,11.75,23.82,40.64,59.5,-0.14,1.34,-0.5,-0.78,1.5,-0.55
58952,17468,41484,28500,30452,203003.37,3775,0.00000001,204519.89,130127.93,103317.3,97050.7,5801.86,1.042,-29,0.5,0.145794393,80,23.4,95.8677686,33.64210129,2.982500076,Pre_Launch,Summer,11.75,23.82,40.64,59.5,-0.14,1.34,-0.5,-0.78,1.5,-0.55
56608,17148,39460,27034,29574,90728.4,29047,0.00000001,204519.89,130127.93,119290.6,89017.36,5737.55,1.036,-28.8571429,0.4857143,0.145631492,63.2,18.4,95.93495935,33.55715833,2.958142928,Pre_Launch,Summer,11.75,23.82,40.64,59.5,-0.14,1.34,-0.5,-0.78,1.5,-0.55
53504,15660,37844,26122,27382,28305.9,131211,71926.67,204519.89,174227.72,148046.71,43232.55,5732.08,1,-28,0.4,0.144654088,85.7,16.3,95.1048951,33.04750061,2.812000036,Pre_Launch,Summer,11.75,23.82,40.64,59.5,-0.14,1.34,-0.5,-0.78,1.5,-0.55
67898,15742,52156,29159,38739,49998.3,274657,71926.67,204519.89,174227.72,167418.11,126232,5820.58,1,-28,0.4,0.144654088,62.5,16.8,95.54140127,33.04750061,2.812000036,Pre_Launch,Summer,11.75,23.82,40.64,59.5,-0.14,1.34,-0.5,-0.78,1.5,-0.55
87973,19998,67975,38985,48988,68747.7,264428,72926.67,204519.89,174227.72,156466.17,123932.5,5871.48,1,-28,0.4,0.144654088,75,17.6,94.96402878,33.04750061,2.812000036,Pre_Launch,Summer,13,24,37.25,59.5,-1.39,1.16,-0.5,-0.96,1.5,-0.73
83039,25241,57798,39360,43679,67438.9,149662,68193.33,14061.46,174227.72,105637.25,130536.8,5797.62,1,-28,0.4,0.144654088,69,15.3,93.78881988,33.04750061,2.812000036,Pre_Launch,Autumn,13,24,37.25,59.5,-1.39,1.16,-0.5,-0.96,1.5,-0.73
76246,24877,51369,33494,42752,97690.38,450428,68193.33,14061.46,49779.35,143418.93,65898.45,5830.92,0.9305714,-29.7142857,0.4857143,0.144654088,66.7,16.3,95,33.04750061,2.812000036,Pre_Launch,Autumn,13,24,37.25,59.5,-1.39,1.16,-0.5,-0.96,1.5,-0.73
67721,18096,49625,31411,36310,89738.49,192490,58833.33,14061.46,0.00000001,175237.55,312374.7,5810.36,0.919,-30,0.5,0.146666667,72,24.8,98.29545455,33.12440109,1.727100015,Launch,Autumn,13,24,37.25,59.5,-1.39,1.16,-0.5,-0.96,1.5,-0.73
62153,17324,44829,28721,33432,165533.79,44191,0.00000001,14061.46,0.00000001,159371.44,80354.47,5880.02,0.919,-30,0.5,0.146666667,75.9,17.1,96,33.12440109,1.727100015,Launch,Autumn,13,24,37.25,59.5,-1.39,1.16,-0.5,-0.96,1.5,-0.73
65354,20313,45041,29844,35510,140559.89,774687,0.00000001,14061.46,0.00000001,143193.26,536668.4,5819.46,0.919,-30,0.5,0.146666667,90.5,19.7,96.1038961,33.12440109,1.727100015,Launch,Autumn,13,24,37.25,59.5,-1.39,1.16,-0.5,-0.96,1.5,-0.73
68563,21386,47177,33015,35548,240693.56,477805,671767.33,14061.46,276850.49,118314.29,130852.2,5831.62,0.895,-26.5714286,0.3714286,0.145034014,65.5,17.9,94.73684211,33.54761505,1.976528542,Launch,Autumn,13,24,37.25,59.5,-1.39,1.16,-0.5,-0.96,1.5,-0.73
62306,17934,44372,29373,32933,147239.85,117430,671767.33,14061.46,968976.71,143067.25,120058.8,5812.26,0.863,-22,0.2,0.142857143,75,22.4,94.4,34.11190033,2.309099913,Launch,Autumn,13,24,37.25,59.5,-1.39,1.16,-0.5,-0.96,1.5,-0.73
68014,19975,48039,31653,36361,96992.3,3600,671767.33,43479.76,968976.71,114418.44,120120,5711.8,0.863,-22,0.2,0.142857143,76.5,19.8,93.44262295,34.11190033,2.309099913,Launch,Autumn,13,24,37.25,59.5,-1.39,1.16,-0.5,-0.96,1.5,-0.73
63899,19342,44557,31593,32306,94943.31,131772,0.00000001,14061.46,968976.71,114160.47,637601.5,5769.58,0.863,-22,0.2,0.142857143,70.8,23,94.01709402,34.11190033,2.309099913,Launch,Autumn,13,24,37.25,59.5,-1.39,1.16,-0.5,-0.96,1.5,-0.73
68425,23185,45240,33435,34990,89210.03,122813,221212.83,11775.39,968976.71,137658.76,702877.3,5825.36,0.8608571,-23,0.2428571,0.141510263,87.5,26,92.62295082,33.91198621,2.306771347,Launch,Autumn,13,24,37.25,59.5,-1.39,1.16,-0.5,-0.96,1.5,-0.73
67471,22467,45004,32430,35041,106653.13,32087,221212.83,11775.39,510452.73,109823.81,122713.4,5889.62,0.848,-29,0.5,0.133428981,92,19.2,96.66666667,32.71250153,2.29279995,Launch,Autumn,13,24,37.25,59.5,-1.39,1.16,-0.5,-0.96,1.5,-0.73
66697,22024,44673,32433,34264,163846.95,0.00000001,465336.38,11775.39,510452.73,100856.76,121024.6,5928.78,0.848,-29,0.5,0.133428981,76.5,16.8,95.14563107,32.71250153,2.29279995,Launch,Autumn,13,24,37.25,59.5,-1.39,1.16,-0.5,-0.96,1.5,-0.73
74132,25164,48968,39438,34694,19093.25,0.00000001,244123.54,0.00000001,510452.73,97685.4,89665.77,5941.58,0.848,-29,0.5,0.133428981,70,13.4,94.26751592,32.71250153,2.29279995,Launch,Autumn,13,24,37.25,59.5,-1.39,1.16,-0.5,-0.96,1.5,-0.73
43242,17088,26154,21860,21382,2062.53,0.00000001,244123.54,0.00000001,510452.73,116085.02,38840.8,5999.733333,0.8346667,-27.75,0.0833333,0.133428981,65,26.6,91.90751445,32.71250153,2.29279995,Launch,Winter,13,24,37.25,59.5,-1.39,1.16,-0.5,-0.96,1.5,-0.73
46642,16499,30143,23429,23213,35941.59,0.00000001,92679.37,0.00000001,218765.46,63181.68,18276.1,6056.283333,0.8231111,-26.6666667,-0.2777778,0.118479709,91.7,20.4,91.30434783,33.86807142,2.340299913,Launch,Winter,13,24,37.25,59.5,-1.39,1.16,-0.5,-0.96,1.5,-0.73
50580,16320,34260,24267,26313,159983.5,20286,0.00000001,105761.08,0.00000001,54288.71,490890.8,6123.2,0.816,-26,-0.5,0.1125,70.6,21.5,92.43697479,34.33029938,2.359299898,Launch,Winter,13,24,37.25,59.5,-2.72,-0.11,-0.5,-0.96,1.5,-0.73
40214,12971,27243,18395,21819,80617.76,69375,202475,105761.08,0.00000001,72329.36,490890.8,6221.44,0.816,-26,-0.5,0.1125,70.6,18.3,90.90909091,34.33029938,2.359299898,Launch,Winter,13,24,37.25,59.5,-2.72,-0.11,-0.5,-0.96,1.5,-0.73
47977,14569,33408,22144,25833,109486.24,37046,202475,105761.08,0.00000001,71289.04,581438.7,6316.16,0.8005714,-26,-0.1571429,0.1125,78.6,18.5,90.5982906,34.33029938,2.359299898,Launch,Winter,13,24,37.25,59.5,-2.72,-0.11,-0.5,-0.96,1.5,-0.73
47040,14069,32971,19643,27397,90321.2,62439,250976.67,105761.08,0.00000001,68933.29,554563.9,6263.44,0.762,-26,0.7,0.123579147,92.3,17.5,93.5483871,33.70444271,2.039185626,Post_Launch,Winter,13,24,37.25,59.5,-2.72,-0.11,-0.5,-0.96,1.5,-0.73
50844,15781,35063,24064,26780,81180.8,51583,48501.67,116176.16,0.00000001,73030.13,556842.3,6326.06,0.762,-26,0.7,0.151277014,75,24.8,93.61702128,32.13980103,1.238899946,Post_Launch,Winter,13,24,37.25,59.5,-2.72,-0.11,-0.5,-0.96,1.5,-0.73
53343,18206,35137,26644,26699,89379.5,46323,192449.67,0.00000001,0.00000001,76767.9,554451.7,6343.98,0.762,-26,0.7,0.151277014,83.3,12.8,96.37681159,32.13980103,1.238899946,Post_Launch,Winter,13,24,37.25,59.5,-2.72,-0.11,-0.5,-0.96,1.5,-0.73
55916,19363,36553,27558,28358,100975.1,2395,151805.14,0.00000001,0.00000001,81884.76,598677.3,6338.22,0.7542857,-26,0.5857143,0.151277014,68,21.9,94.44444444,32.13980103,1.238899946,Post_Launch,Winter,13,24,37.25,59.5,-2.72,-0.11,-0.5,-0.96,1.5,-0.73
49512,20360,29152,21813,27699,90579.5,0.00000001,151805.14,26440.86,0.00000001,122816.85,573674.5,6355.4,0.76,-26,0.8,0.145573047,69.6,14.5,92.45283019,32.31865801,1.58915707,Post_Launch,Winter,13,24,37.25,59.5,-1.81,0.38,-1.5,-0.96,1.5,-0.73
61010,20444,40566,27906,33104,160988.4,0.00000001,151805.14,26440.86,0.00000001,105868.98,113048.3,6345.6,0.74,-26,0.4,0.131313131,86.4,18.3,95,32.76580048,2.464799881,Post_Launch,Winter,13,24,37.25,59.5,-1.81,0.06,-1.5,-0.42,1.5,-0.03
56972,17135,39837,26039,30933,249285.49,0.00000001,460887.05,26440.86,0.00000001,78121.19,142878.6,6503.6,0.74,-26,0.4,0.131313131,69.6,27,95.51282051,32.76580048,2.464799881,Post_Launch,Winter,13,24,37.25,59.5,-1.81,0.06,-1.5,-0.42,1.5,-0.03
49126,16026,33100,22302,26824,272973.38,94387,316939.05,27587.24,0.00000001,105996.78,142805.4,6457.9,0.74,-26,0.4,0.131313131,89.5,19.3,92.55319149,32.76580048,2.464799881,Post_Launch,Winter,13,24,37.25,59.5,-0.3,-0.4,-5,-0.42,1.5,-0.03
59365,20528,38837,25881,33484,235655.71,537930,397900.2,1146.38,0.00000001,133160.49,68078.8,6378.4,0.74,-26,0.4,0.131313131,79.2,23.2,94.71153846,32.76580048,2.464799881,Post_Launch,Spring,13,24,37.25,59.5,-1.81,0.06,-1.5,-0.42,1.5,-0.03
45159,14725,30434,19063,26096,82304.5,138591,240016.87,1146.38,183254.94,145782.54,108854.9,6490.7,0.74,-26,0.4,0.119901876,72.7,20.8,94.6969697,35.37614223,2.45005703,Post_Launch,Spring,13,24.46,38.25,52,-1.81,-0.4,6,-0.88,9,-0.49
58181,17618,40563,24084,34097,93311.7,67701,322443.33,1146.38,256556.92,155161.14,18366.37,6276.9,0.72,-27,0.3,0.118,80.8,17,96.77419355,35.81119919,2.447599888,Post_Launch,Spring,13,24.46,38.25,52,-1.81,-0.4,6,-0.88,9,-0.49
51132,14394,36738,21997,29135,89956.1,67726,318093.33,1146.38,256556.92,159342.54,15596.3,6343.6,0.72,-27,0.3,0.118,78.3,21.1,94.26751592,35.81119919,2.447599888,Post_Launch,Spring,13,24.46,38.25,52,-1.81,-0.4,6,-0.88,9,-0.49
53407,15605,37802,22924,30483,162046.1,0.00000001,336307.33,1146.38,256556.92,152578.78,15596.3,6280.6,0.72,-27,0.3,0.118,75,20,95.56962025,35.81119919,2.447599888,Post_Launch,Spring,13,24.46,38.25,52,-1.81,-0.4,6,-0.88,9,-0.49
60642,17707,42935,26052,34590,93537.6,0.00000001,187399.75,1146.38,146603.95,209022.51,14655.14,6458,0.72,-27,0.3,0.131466437,90,21.3,93.33333333,33.92765645,2.560685635,Post_Launch,Spring,13,24.46,38.25,52,-1.81,-0.4,6,-0.88,9,-0.49
53950,14171,39779,24136,29814,107897.1,0.00000001,187399.75,1146.38,0.00000001,237419.98,12449.74,6557.3,0.69,-22,0.2,0.141566265,73.7,17.4,96.2962963,32.51499939,2.645499945,Post_Launch,Spring,13,24.46,38.25,52,-1.81,-0.4,4,-0.88,9,-0.49
60025,17204,42821,26013,34012,176690.5,0.00000001,78902.15,1146.38,0.00000001,156572.21,20221.29,6631.8,0.69,-22,0.2,0.141566265,76.5,13.7,93.96551724,32.51499939,2.645499945,Post_Launch,Spring,13,24.46,38.25,52,-1.81,-0.4,4,-0.88,9,-0.49
68502,21569,46933,31516,36986,153646.2,94498,78902.15,1146.38,0.00000001,187711.01,20221.29,6755.6,0.69,-22,0.2,0.141566265,64,13.3,92.74193548,32.51499939,2.645499945,Post_Launch,Spring,13,24.46,38.25,52,0.25,-0.15,0,-0.85,0,-1.78
68953,23043,45910,33168,35785,51583.6,339551,78902.15,0.00000001,0.00000001,198843.69,20221.29,6762,0.69,-22,0.2,0.176067908,94.4,14.9,96.72131148,33.7439706,3.255271401,Post_Launch,Spring,13,24.46,38.25,52,0.25,-0.15,0,-0.85,0,-1.78
62333,21454,40879,31485,30848,142282.1,0.00000001,120718.82,0.00000001,0.00000001,5624.725213,43369.575,6525.1,0.68,-21,-0.2,0.181818182,73.9,13.6,94.54545455,33.94879913,3.356899977,Post_Launch,Spring,13,24.46,38.25,52,0.25,-0.15,0,-0.85,0,-1.78
70291,24305,45986,36074,34217,74994.1,0.00000001,120718.82,0.00000001,0.00000001,5624.725213,78504.61529,6400.5,0.68,-21,-0.2,0.181818182,76,15.5,94.41624365,33.94879913,3.356899977,Pre_Launch,Spring,13,24.46,38.25,52,0.25,-0.15,0,-0.85,0,-1.78
65753,24259,41494,34445,31308,55219.5,67892,224185.49,0.00000001,0.00000001,35019.17463,85932.92957,6330.5,0.68,-21,-0.2,0.181818182,77.8,20.5,91.40625,33.94879913,3.356899977,Pre_Launch,Spring,13,24.46,38.25,52,0.25,-0.15,0,-0.85,0,-1.78
70658,26524,44134,37496,33162,71404.8,190354,103466.67,0.00000001,0.00000001,39918.24953,81522.33186,6029.1,0.68,-21,-0.2,0.181818182,74.1,17.2,95.78947368,33.94879913,3.356899977,Pre_Launch,Summer,13,24.46,38.25,52,0.25,-0.15,0,-0.85,0,-1.78
61165,19653,41512,32567,28598,157595,173265,200576.02,0.00000001,0.00000001,35097.05649,55098.64543,6307.8,0.68,-21,-0.2,0.152958153,83.3,21.6,89.62264151,30.74531337,1.948957171,Pre_Launch,Summer,13,24.46,38.25,52,0.25,-0.15,0,-0.85,0,-1.78
58189,18884,39305,31088,27101,125225.23,169513,208138.69,0.00000001,0.00000001,40812.08691,53411.21586,6450.1,0.68,-16,-0.1,0.148148148,70.4,19.4,87.35632184,30.21139908,1.714300036,Pre_Launch,Summer,13,24.46,38.25,52,0.25,-0.15,0,-0.85,0,-1.78
43487,14395,29092,24002,19485,119032.54,124281,59468.2,0.00000001,0.00000001,57062.48611,63231.58814,6586.1,0.68,-16,-0.1,0.148148148,66.7,22.3,86.86131387,30.21139908,1.714300036,Pre_Launch,Summer,13,24.46,38.25,52,0.25,-0.15,0,-0.85,0,-1.78
67333,19437,47896,31059,36274,118369.26,101077,0.00000001,0.00000001,0.00000001,59797.54973,74726.69614,6623.2,0.68,-16,-0.1,0.148148148,72.4,12.9,87.57062147,30.21139908,1.714300036,Pre_Launch,Summer,13,24.46,38.25,52,0.25,-0.15,0,-0.85,0,-1.78
67533,20094,47439,32811,34722,76851.98,29906,0.00000001,0.00000001,192629.0323,51870.19176,75196.55405,6560.3,0.68,-16,-0.1,0.14675521,86.4,13.6,93.16239316,31.16985648,1.539314304,Pre_Launch,Summer,13,24.46,38.25,52,0.25,-0.15,0,-0.85,0,-1.78
60472,16318,44154,29706,30766,57498.5,388921,85500,0.00000001,449467.7419,148560.9417,72949.76795,6619.6,0.67,-13,0.6,0.144897959,76.2,18.2,89,32.44779968,1.305999994,Pre_Launch,Summer,13,24.46,38.25,52,0.25,-0.15,0,-0.85,0,-1.78
62351,17601,44750,31274,31077,68718.9,319446,712117.21,120000,449467.7419,328219.092,65813.236,6574.3,0.67,-13,0.6,0.144897959,50,19.5,88.88888889,32.44779968,1.305999994,Pre_Launch,Summer,13,24.46,38.25,52,0.25,-0.15,0,-0.85,0,-1.78
60143,17314,42829,29806,30337,76875.4,125306,797553.41,140000,449467.7419,241327.3888,68279.75743,6465.7,0.67,-13,0.6,0.144897959,87.5,17.9,87.59124088,32.44779968,1.305999994,Pre_Launch,Summer,13,24.46,38.25,52,0.25,-0.15,0,-0.85,0,-1.78
34762,7477,27285,14005,20757,74663.6,549100,918799.7,40000,449467.7419,30405.70854,54258.80857,6441,0.67,-13,0.6,0.144897959,80,23.9,88.13559322,32.44779968,1.305999994,Pre_Launch,Summer,13,24.46,38.25,52,0.25,-0.15,0,-0.85,0,-1.78
52233,14032,38442,23970,28504,74492.5,325188,806081.85,0.00000001,822227.75,0.00000001,51268.65743,6506.2,0.65,-10,0.4,0.160824742,64.3,12.5,89.51612903,28.21990013,2.868099928,Pre_Launch,Summer,13,24.46,40.05,53.25,0,1.12,-1.25,-0.85,-1.25,-1.78
49750,16537,34006,25341,25202,68393.5,269626,337751.96,0.00000001,822227.75,0.00000001,62366.78643,6530.7,0.65,-10,0.4,0.160824742,52.9,13.3,87.82051282,28.21990013,2.868099928,Pre_Launch,Summer,13,24.46,40.05,53.25,0,1.12,-1.25,-0.85,3.25,-1.78
77502,22171,57288,39332,40127,90085.8,17000,184530.15,0.00000001,822227.75,0.00000001,74892.52314,6622.9,0.65,-10,0.4,0.160824742,77.8,20,86.15384615,28.21990013,2.868099928,Pre_Launch,Summer,13,24.46,40.05,53.25,0,1.12,-1.25,-0.85,3.25,-1.78
79064,26091,54806,40166,40731,188293.35,104926,100759.35,3796.5,822227.75,6176.628592,80372.08729,6557.4,0.65,-10,0.4,0.160824742,68.8,13.4,85.79234973,28.21990013,2.868099928,Pre_Launch,Autumn,13,24.46,40.05,53.25,0,1.12,-1.25,-0.85,3.25,-1.78
65769,20712,45041,32171,33582,113962.3,106879,82852.21,26575.5,0.00000001,2470.651437,78592.14603,6462.2,0.65,-10,0.4,0.166639582,64.3,22.1,84.07079646,27.53018515,2.04860001,Pre_Launch,Autumn,13,24.46,40.05,53.25,0,1.12,-1.25,-0.85,3.25,-1.78
35308,10214,25094,15937,19371,123171.06,170968,82852.21,22779,0.00000001,0.00000001,73765.50569,6437.3,0.62,-11,0.1,0.168965517,66.7,15.8,82.8125,27.25429916,1.720800042,Launch,Autumn,13,24.46,40.05,53.25,0,1.12,-1.25,-0.85,3.25,-1.78
59695,19944,39751,26258,33437,297685.47,357244,82852.21,21932.52632,0.00000001,0.00000001,80974.43686,6507.7,0.62,-11,0.1,0.168965517,66.7,9.9,88.14814815,27.25429916,1.720800042,Launch,Autumn,13,24.46,40.05,53.25,0,1.12,-1.25,-0.85,3.25,-1.78
73016,22313,50703,34690,38326,408322.09,191572,167238.83,51175.89474,0.00000001,0.00000001,99028.905,6654.2,0.62,-11,0.1,0.168965517,61.1,14.4,86.81318681,27.25429916,1.720800042,Launch,Autumn,13,25,39.86,53.25,0,0.58,-1.25,-1.38,-1.25,-2.32
81258,25874,55384,39453,41805,201203.06,116880,181303.27,51175.89474,103157.8947,0.00000001,112638.4549,6725.8,0.62,-11,0.1,0.17395842,67.9,14.5,88.39779006,27.8333277,1.978200044,Launch,Autumn,13,25,39.86,53.25,0,0.58,-1.25,-1.38,-1.25,-2.32
67702,22364,45338,34519,33183,174467.28,70245,265961.08,63008.78098,490655.0853,9194.029934,88761.00386,6763.6,0.59,-12,0.1,0.186440678,87,17,88.20224719,29.28089905,2.621700048,Launch,Autumn,13,25,39.86,53.25,0,0.58,-1.25,-1.38,-1.25,-2.32
74969,23657,51312,36751,38218,220361.51,36636,249853.5,103718.5784,512255.4942,21452.73651,83803.08871,6728.4,0.59,-12,0.1,0.186440678,77.8,20.6,90.51724138,29.28089905,2.621700048,Launch,Autumn,13,25,39.86,53.25,0,0.58,-1.25,-1.38,-1.25,-2.32
66490,19574,46916,28764,37726,117303.67,162478,249853.5,111596.406,512255.4942,53329.07435,75568.72143,6723.5,0.59,-12,0.1,0.186440678,57.9,13.5,89.81481481,29.28089905,2.621700048,Launch,Autumn,13,25,39.86,53.25,0,0.58,-1.25,-1.38,-1.25,-2.32
52755,11101,41654,14421,38334,159357.41,264223,249853.5,111596.406,512255.4942,89795.11522,80284.25014,6694.6,0.59,-12,0.1,0.186440678,63.6,22.1,88.63636364,29.28089905,2.621700048,Launch,Autumn,13,25,39.86,53.25,0,0.58,-1.25,-1.38,-1.25,-2.32
118732,40019,78713,50539,68193,122839.62,200978,159744,87402.85762,512255.4942,128900.3651,75305.48829,6595.3,0.58,-13,0.5,0.198198198,78.6,19,94.25287356,29.80660057,2.94659996,Launch,Autumn,13,25,39.86,53.25,0,0.58,-1.25,-1.38,-1.25,-2.32
67699,22258,45441,28590,39109,103826.32,55262,144725.75,15755.65517,202781.81,97570.21343,84391.13943,6559.5,0.58,-13,0.5,0.198198198,81,18.9,91.37931034,29.80660057,2.94659996,Launch,Autumn,13,25,39.86,53.25,0,0.58,-1.25,-1.38,-1.25,-2.32
137458,46787,90671,63852,73606,39349.92,0.00000001,245604.39,0.00000001,151202.8626,57900.46812,109504.7126,6522.2,0.58,-13,0.5,0.198198198,78.6,17.1,89.43089431,29.80660057,2.94659996,Launch,Autumn,13,25,39.86,53.25,0,0.58,-1.25,-1.38,-1.25,-2.32
93908,32221,61687,40697,53211,187696.8,204175,262417.5,0.00000001,334495.1703,33363.18275,148000.1314,6678.6,0.58,-13,0.5,0.198198198,63.9,18.5,89.24731183,29.80660057,2.94659996,Launch,Winter,13,25,39.86,53.25,0,0.58,-1.25,-1.38,-1.25,-2.32
72360,25048,47312,35495,36865,177777.4,149021,250248.21,27906.97674,299810.0487,15028.96262,119257.2601,6731.3,0.58,-13,0.5,0.209906584,81.8,19.8,88.19444444,30.25642858,3.031285695,Launch,Winter,13,25,39.86,53.25,0,0.58,-1.25,-1.38,-1.25,-2.32
77143,28636,48507,39800,37343,170883.4,153325,248220,48837.2093,36658.46154,0.00000001,87026.91629,6730.7,0.58,-7,-0.8,0.218687873,75,11.9,85.6,30.59379959,3.094799995,Launch,Winter,13,25,39.86,53.25,0,0.58,-1.25,-1.38,-1.25,-2.32
59479,18998,40481,29412,30067,81435.6,0.00000001,201731.57,48837.2093,0.00000001,0.00000001,74580.13043,6757.2,0.58,-7,-0.8,0.218687873,76.2,21.4,84.31372549,30.59379959,3.094799995,Launch,Winter,13,25,39.86,53.25,0,-0.28,-1.25,-1.45,-0.26,-1.01
78110,28512,49598,39583,38527,210908.6,55782,152613.5,48837.2093,0.00000001,0.00000001,65401.98257,6836.7,0.58,-7,-0.8,0.218687873,90.9,17.2,87.67123288,30.59379959,3.094799995,Launch,Winter,13,25,39.86,53.25,0,-0.28,-1.25,-1.45,-0.26,-1.01
76803,28306,47916,41141,35081,341337.7,44952,21801.93,48837.2093,0.00000001,0.00000001,106788.8867,6550.7,0.58,-7,-0.8,0.218687873,73.3,23,90.38461538,30.59379959,3.094799995,Post_Launch,Winter,13,25,39.86,53.25,0,-0.28,-1.25,-1.45,-0.26,-0.65
